{"cameraMode":{"drawMode":0,"name":"Shaded","section":"Shading Mode"},"sceneLighting":false,"audioPlay":false,"sceneViewState":{"m_AlwaysRefresh":false,"showFog":true,"showSkybox":false,"showFlares":true,"showImageEffects":true,"showParticleSystems":true,"showVisualEffectGraphs":true,"m_FxEnabled":true},"in2DMode":false,"pivot":{"x":-0.7841916084289551,"y":-1.1305208206176758,"z":0.6550788879394531},"rotation":{"x":0.3296794593334198,"y":-0.33867985010147097,"z":0.12807348370552064,"w":0.8719179630279541},"size":2.2708747386932375,"orthographic":false}